Date,Description,Amount Subtracted,Amount Added,Balance
01/02/24,ACH Electronic Credit NEW YORK UNIVERS DIRECT DEP,0,848.4,1369.44
01/02/24,Transfer From Money Market 01/01 03: 34p # 7164 ONLINE Reference# 004337,0,1500,1500
01/02/24,Zelle Debit PAY ID: CTIrBGumGku3 ORG ID: BAC NAME: MICHAEL FORT,28,0,2869.49
01/02/24,Debit PIN Purchase 7- ELEVEN NEW YORK 00YUS07155,8.97,0,2869.49
01/03/24,Debit Card Purchase 12/31 05: 32p # 7164 MTA* NYCT PAYGO NEW YORK NY 24001,2.9,0,
01/03/24,Debit Card Purchase 12/31 02: 45p # 7164 MTA* NYCT PAYGO NEW YORK NY 24001,2.9,0,
01/03/24,Debit Card Purchase 12/29 03: 31p # 7164 MTA* NYCT PAYGO NEW YORK NY 23364,2.9,0,
01/03/24,Debit Card Purchase 12/29 06: 34p # 7164 MTA* NYCT PAYGO NEW YORK NY 23364,2.9,0,
01/03/24,Debit Card Purchase 12/30 05: 17p # 7164 VENMO NEW YORK NY 23365,4,0,
01/03/24,Debit Card Purchase 12/29 12: 53a # 7164 WAWA 547 ELKTON MD 23364,6.14,0,
01/03/24,Debit Card Purchase 12/30 01: 57p# 7164 SQ* PLANTSHED 2ND AVEN New York NY 23365,10.89,0,
01/03/24,Debit Card Purchase 12/31 02: 25p # 7164 Subway 46945 New York NY 24001,13.05,0,
01/03/24,Debit Card Purchase 12/30 09: 36p # 7164 AT* MOMA NEW YORK NY 24001,58,0,1255.82
01/03/24,"Mobile Purchase Sign Based 01/01 05: 33p # 7164 APF HELM MANAGEMENT, I NEW YORK NY 24002",1509.99,0,1255.82
01/04/24,Debit Card Purchase 01/02 10: 51a# 7164 MTA* NYCT PAYGO NEW YORK NY 24003,2.9,0,1252.92
01/08/24,Zelle Credit PAY ID: BACvmtvrilgg ORG ID: BAC NAME: HUAQIONG XIE,0,140,1190.42
01/08/24,Cash Withdrawal 07: 51p # 7164 Non Citi ATM P143101 NEW YORK 00YUS051,202.5,0,1190.42
01/09/24,Debit PIN Purchase TRADER JOE S # 54 TRADERNEW YORK 00YUS07154,12.97,0,
01/09/24,Debit PIN Purchase Strand Book Store RetaiNew York 00YUS07159,60.9,0,859.11
01/09/24,"Mobile Purchase Sign Based 01/05 10: 48p # 7164 STUBHUB, INC. 8667882482 CA 24006",257.44,0,859.11
01/10/24,Debit PIN Purchase TRADER JOE S# 54 TRADERNEW YORK 00YUS07154,5.43,0,859.11
01/10/24,Debit Card Purchase 01/08 06: 23p # 7164 MTA* NYCT PAYGO NEW YORK NY 24009,2.9,0,842.28
01/10/24,Debit Card Purchase 01/08 08: 07p # 7164 SNACK* TIGER SUGAR CHI SAN FRANCISCO CA 24009,8.5,0,842.28
01/11/24,Zelle Debit PAY ID: CTIXgvMAbyHI ORG ID: JPM NAME: MAXIMILIAN C,88,0,735.04
01/11/24,Debit PIN Purchase Duane Reade STO 125-133NEW YORK 00YUS07159,4.89,0,735.04
01/11/24,Debit Card Purchase 01/09 01: 40p # 7164 HAKATA MART BROOKLYN NY 24010,5.44,0,735.04
01/11/24,Debit Card Purchase 01/08 05: 39a # 7164 SJU AIRPORT CONV STORE CAROLINA PRI24010,8.91,0,735.04
01/12/24,Debit PIN Purchase TRADER JOES# 54 TRADERNEW YORK 00YUS07154,17.81,0,695.14
01/12/24,Debit Card Purchase 01/10 01: 48p # 7164 ARISTON CAFE NEW YORK NY 24011,9.09,0,695.14
01/12/24,Debit Card Purchase 01/10 06: 58p # 7164 HAPPY BURRITO INC. NEW YORK NY 24011,13,0,695.14
01/16/24,Debit PIN Purchase 7- ELEVEN NEW YORK 00YUS07155,4.9,0,695.14
01/16/24,Debit Card Purchase 01/11 03: 46p # 7164 SQ* PLANTSHED 2ND AVEN New York NY 24012,5.17,0,695.14
01/16/24,Debit Card Purchase 01/11 03: 41p # 7164 A- ART LOCKSMITHS INC NEW YORK NY 24012,26.67,0,616.52
01/16/24,Debit Card Purchase 01/11 09: 37p # 7164 TST* MANGO MANGO DESSE NEW YORK NY 24012,41.88,0,616.52
01/17/24,Transfer From Money Market 12: 34a # 7164 ONLINE Reference# 000053,0,1230.05,1230.05
01/17/24,Debit PIN Purchase TRADER JOE S# 54 TRADERNEW YORK 00YUS07154,9.33,0,1230.05
01/17/24,Debit PIN Purchase TRADER JOE S# 54 TRADERNEW YORK 00YUS07154,21.62,0,1230.05
01/17/24,Debit Card Purchase 01/12 03: 26p# 7164 MTA* NYCT PAYGO NEW YORK NY 24013,2.9,0,1230.05
01/17/24,Debit Card Purchase 01/13 09: 24p # 7164 MTA* NYCT PAYGO NEW YORK NY 24014,2.9,0,1230.05
01/17/24,Debit Card Purchase 01/12 06: 07p # 7164 MTA* NYCT PAYGO NEW YORK NY 24013,2.9,0,1230.05
01/17/24,Debit Card Purchase 01/12 01: 33p # 7164 H MART NEW YORK NY 24015,4.99,0,1230.05
01/17/24,Debit Card Purchase 01/12 10: 22a # 7164 DUNKIN# 352392 NEW YORK NY 24013,5.98,0,1547.88
01/17/24,Debit Card Purchase 01/12 06: 30p # 7164 TST* DONER HAUS New York NY 24013,14.8,0,1547.88
01/17/24,Debit Card Purchase 01/15 12: 47p # 7164 Subway 46945 New York NY 24016,15.23,0,1547.88
01/17/24,Debit Card Purchase 01/13 08: 01p # 7164 HAPPY BURRITO INC. NEW YORK NY 24014,34,0,1547.88
01/17/24,Debit Card Purchase 01/15 05: 40p # 7164 TARGET 00033803 NEW YORK NY 24016,47.88,0,1547.88
01/17/24,Debit Card Purchase 01/15 12: 04a # 7164 TST* AMSTERDAM BILLIAR New York NY 24016,67.65,0,1547.88
01/17/24,Debit Card Purchase 01/13 02: 44p # 7164 PASTA EATER NEW YORK NY 24015,68.51,0,1547.88
01/18/24,ACH Electronic Debit NYUNIVERSITY NYU 2423345,1230.05,0,261.8
01/18/24,Debit PIN Purchase 7- ELEVEN NEW YORK 00YUS07155,9.79,0,261.8
01/18/24,Debit Card Purchase 01/16 10: 38a # 7164 DUNKIN # 352392 NEW YORK NY 24017,4.57,0,261.8
01/18/24,Mobile Purchase Sign Based 01/16 05: 59p # 7164 Amazon Prime* RT2RNOSL1 8882804331 WA 24017,8.15,0,261.8
01/18/24,Debit Card Purchase 01/16 09: 35p # 7164 TST* DONER HAUS New York NY 24017,13.93,0,261.8
01/19/24,Transfer From Money Market 02: 43p # 7164 ONLINE Reference# 005483,0,2000,2169.53
01/19/24,Debit PIN Purchase MTA* LIRR STATION TIX 1 JAMAICA 00YUS05141,14.5,0,2169.53
01/19/24,Debit Card Purchase 01/17 05: 00p # 7164 MTA* NYCT PAYGO NEW YORK NY 24018,2.9,0,2169.53
01/19/24,Debit Card Purchase 01/17 02: 53p # 7164 MTA NYCT PAYGO NEW YORK NY 24018,2.9,0,2169.53
01/19/24,Debit Card Purchase 01/17 04: 35p # 7164 H & M0400 NEW YORK NY 24018,18.04,0,2169.53
01/19/24,Debit Card Purchase 01/17 06: 25p # 7164 KYURAMEN (NY- UNION SQU CHICAGO IL 24018,53.93,0,2169.53
01/22/24,Zelle Debit PAY ID: CTIH5vcdlac3 ORG ID: CTI NAME: HONG YI,13.4,0,2107.53
01/22/24,Debit Card Purchase 01/18 05: 45p # 7164 MTA* NYCT PAYGO NEW YORK NY 24019,2.9,0,2107.53
01/22/24,Debit Card Purchase 01/18 04: 30p # 7164 MTA* NYCT PAYGO NEW YORK NY 24019,2.9,0,2107.53
01/22/24,Debit Card Purchase 01/18 04: 04p # 7164 MTA* NYCT PAYGO NEW YORK NY 24019,2.9,0,2107.53
01/22/24,Debit Card Purchase 01/18 08: 20p # 7164 SNACK* TIGER SUGAR CHI SAN FRANCISCO CA 24019,13,0,2107.53
01/22/24,Debit Card Purchase 01/18 08: 11p # 7164 CURRY HOUSE. NEW YORK NY 24019,26.9,0,2107.53
01/23/24,Zelle Debit PAY ID: CTInuk8QlanF ORG ID: BAC NAME: KAI CHUNG WA,238.69,0,1765.83
01/23/24,Debit Card Purchase 01/19 03: 09p # 7164 MTA* NYCT PAYGO NEW YORK NY 24020,2.9,0,1765.83
01/23/24,Debit Card Purchase 01/19 01: 31p # 7164 MTA* NYCT PAYGO NEW YORK NY 24021,2.9,0,1765.83
01/23/24,Debit Card Purchase 01/20 12: 50p # 7164 OTIS RIDGE FOOD SERVIC OTIS MA 24022,7,0,1765.83
01/23/24,Debit Card Purchase 01/21 09: 06p # 7164 SAO MAI VIETNAMESE CUI NEW YORK NY 24022,28.21,0,1765.83
01/23/24,Debit Card Purchase 01/20 11: 11a# 7164 OTIS RIDGE SKI AREA RE OTIS MA 24022,62,0,1765.83
01/24/24,Debit PIN Purchase TRADER JOES# 54 TRADERNEW YORK 00YUS07154,7.48,0,1701.54
01/24/24,Debit Card Purchase 01/22 09: 45a# 7164 DUNKIN # 352392 NEW YORK NY 24023,5.98,0,1701.54
01/24/24,Debit Card Purchase 01/22 09: 37a # 7164 DUNKIN # 352392 NEW YORK NY 24023,5.98,0,1701.54
01/24/24,Debit Card Purchase 01/22 01: 34p # 7164 CHIPOTLE 0590 NEW YORK NY 24023,12.19,0,1701.54
01/24/24,Debit Card Purchase 01/22 02: 27p # 7164 SQ* LIVE BY THE SWORD New York NY 24023,32.66,0,1701.54
01/25/24,Debit Card Purchase 01/23 10: 53a # 7164 DD/ BR# 346983 NEW YORK NY 24024,5.98,0,1682.6
01/25/24,Debit Card Purchase 01/23 06: 42p # 7164 SQ* ME CHICKEN RICE New York NY 24024,12.96,0,1682.6
01/26/24,Zelle Debit PAY ID: CTIns1h3leoh ORG ID: MNT NAME: JOSEF C DUNL,21,0,1682.6
01/26/24,Debit Card Purchase 01/24 07: 44a # 7164 DUNKIN # 352392 NEW YORK NY 24025,5.98,0,1682.6
02/29/24,Regular Checking,12,0,1723.83
02/29/24,Savings,0,0,1713.82
01/30/24,Fee for Non- Citibank ATM use,2.5,0,
01/30/24,Zelle Debit PAY ID: CTIZVtDCh3sl ORG ID: JPM NAME: HSIN- YU LEE,0,10,
01/30/24,Debit Card Purchase 01/26 04: 16p # 7164 MTA* NYCT PAYGO NEW YORK NY 24027,2.9,0,
01/30/24,Debit Card Purchase 01/26 10: 15p # 7164 MTA* NYCT PAYGO NEW YORK NY 24027,2.9,0,
01/30/24,Debit Card Purchase 01/27 08: 47p # 7164 MTA* NYCT PAYGO NEW YORK NY 24028,2.9,0,
01/30/24,Debit Card Purchase 01/27 10: 35p # 7164 MTA* NYCT PAYGO NEW YORK NY 24028,2.9,0,
01/30/24,Debit Card Purchase 01/26 03: 52p # 7164 MTA* NYCT PAYGO NEW YORK NY 24027,2.9,0,
01/30/24,Debit Card Purchase 01/27 06: 21p # 7164 TARGET 00033803 NEW YORK NY 24028,20.68,0,
01/30/24,Debit Card Purchase 01/27 05: 43p # 7164 CBD KRATOM NOHO NEW YORK NY 24029,32.66,0,
01/30/24,Debit Card Purchase 01/27 05: 19p # 7164 NikePOS US New York NY 24028,0,152.43,1136.67
01/31/24,Zelle Credit PAY ID: JPM99a8qbpgu ORG ID: JPM NAME: SHREY TAYAL,0,17.28,
01/31/24,Debit Card Purchase 01/29 07: 32a # 7164 MTA NYCT PAYGO NEW YORK NY 24030,2.9,0,
01/31/24,Debit Card Purchase 01/29 07: 11a # 7164 MTA* NYCT PAYGO NEW YORK NY 24030,2.9,0,
01/31/24,Debit Card Purchase 01/29 01: 31p # 7164 SQ * AMBO New York NY 24030,0,13.6,1110.56
02/01/24,Debit Card Purchase 01/30 07: 43p # 7164 TST THE GREY DOG - UN New York NY 24031 Restaurant/ Bar,0,22.12,1088.44
02/02/24,Transfer From Money Market 11: 54a # 7164 ONLINE Reference# 009399,0,1475,
02/02/24,Debit PIN Purchase Duane Reade STO 125-133NEW YORK 00YUS07159,28.97,0,
02/02/24,Debit Card Purchase 01/31 09: 19a # 7164 DD/ BR# 346983 NEW YORK NY 24032 Restaurant/ Bar,0,8.48,2525.99
02/05/24,Debit PIN Purchase Duane Reade STO 125-133NEW YORK 00YUS07159,49.99,0,
02/05/24,Debit Card Purchase 01/31 08: 43p # 7164 HONEST RESTAURANT NEW YORK NY 24033 Restaurant/ Bar,14.69,0,
02/05/24,Debit Card Purchase 02/01 08: 17p # 7164 VENMO * KONG SIHK TONG 4029357733 NY 24033 Restaurant/ Bar,53.77,0,
02/05/24,Debit Card Purchase 01/31 02: 46p # 7164 TUE THAI FOOD NEW YORK NY 24033 Restaurant/ Bar,59.75,0,2347.79
02/06/24,Zelle Debit PAY ID: CTIvvwcJkwNg ORG ID: CTI NAME: HONG YI,22.62,0,
02/06/24,Debit Card Purchase 02/03 07: 09p # 7164 MTA* NYCT PAYGO NEW YORK NY 24035 Misc Transportation,2.9,0,
02/06/24,Debit Card Purchase 02/04 11: 25p # 7164 MTA* NYCT PAYGO NEW YORK NY 24036 Misc Transportation,2.9,0,
02/06/24,Debit Card Purchase 02/04 01: 55a# 7164 MTA* NYCT PAYGO NEW YORK NY 24036 Misc Transportation,2.9,0,
02/06/24,Debit Card Purchase 02/02 04: 59p # 7164 MTA* NYCT PAYGO NEW YORK NY 24034 Misc Transportation,2.9,0,
02/06/24,Debit Card Purchase 02/03 10: 54a # 7164 MTA* NYCT PAYGO NEW YORK NY 24035 Misc Transportation,2.9,0,
02/06/24,Debit Card Purchase 02/04 07: 34p # 7164 MTA* NYCT PAYGO NEW YORK NY 24036 Misc Transportation,2.9,0,
02/06/24,Debit Card Purchase 02/04 12: 39a# 7164 MTA* NYCT PAYGO NEW YORK NY 24036 Misc Transportation,2.9,0,
02/06/24,Debit Card Purchase 02/03 11: 15p # 7164 SQ* GRACE STREET New York NY 24035 Restaurant/ Bar,7.19,0,
02/06/24,Debit Card Purchase 02/02 07: 46a # 7164 DUNKIN# 352392 NEW YORK NY 24034 Restaurant/ Bar,8.48,0,695.5
02/06/24,Debit Card Purchase 02/03 07: 02p # 7164 HAPPY BURRITO INC. NEW YORK NY 24035 Restaurant/ Bar,13.6,0,
02/06/24,Debit Card Purchase 02/03 10: 05p # 7164 LYFT RIDE 02-03 8558659553 CA 24036 Misc Transportation,42.7,0,
02/06/24,Debit Card Purchase 02/04 08: 50p # 7164 VENMO * KONG SIHK TONG 4029357733 NY 24036 Restaurant/ Bar,52.41,0,
02/06/24,"Mobile Purchase Sign Based 02/02 11: 57a # 7164 APF* HELM MANAGEMENT, I NEW YORK NY 24034",1484.99,0,695.5
02/07/24,Transfer From Money Market 03: 53p# 7164 ONLINE Reference# 002512,0,1500,
02/07/24,Zelle Debit PAY ID: CTI1JRhjyqw1 ORG ID: BAC NAME: GUANTING HUA,0,500,
02/07/24,Debit Card Purchase 02/05 03: 37p # 7164 DUNKIN # 352392 NEW YORK NY 24037 Restaurant/ Bar,2.18,0,
02/07/24,Debit Card Purchase 02/05 03: 00p # 7164 MTA* NYCT PAYGO NEW YORK NY 24037 Misc Transportation,2.9,0,
02/07/24,Debit Card Purchase 02/05 03: 28p # 7164 MTA* NYCT PAYGO NEW YORK NY 24037 Misc Transportation,2.9,0,
02/07/24,Debit Card Purchase 02/06 12: 31a # 7164 VENMO * MOHAMMAD HOSSE 8558124430 NY 24037,7,0,1680.52
02/08/24,Debit PIN Purchase TRADER JOE S# 54 TRADERNEW YORK 00YUS07154,10.48,0,
02/08/24,Debit Card Purchase 02/05 01: 59p # 7164 BITE 14TH STREET UNION NEW YORK NY 24038 Restaurant/ Bar,24.99,0,
02/08/24,Debit Card Purchase 02/06 04: 53p # 7164 RALLY OURBUS NEW YORK NY 24038 Misc Business Services,157.96,0,1487.09
02/09/24,Debit Card Purchase 02/07 11: 38a # 7164 DUNKIN # 352392 NEW YORK NY 24039 Restaurant/ Bar,8.48,0,
02/09/24,Debit Card Purchase 02/07 01: 58p # 7164 CHIPOTLE 0590 NEW YORK NY 24039 Restaurant/ Bar,12.19,0,
02/09/24,Debit Card Purchase 02/07 07: 09p # 7164 TST* MANGO MANGO DESSE NEW YORK NY 24039 Restaurant/ Bar,15.79,0,
02/09/24,Debit Card Purchase 02/07 07: 03p # 7164 WEST NEW MALAYSIA REST NEWYORK NY 24039 Restaurant/ Bar,31.62,0,
02/09/24,Cash Withdrawal 06: 43p # 7164 ATM THOMAS EDISON SERVI WOOODBRIDGE 00JUS051,60,0,1359.01
02/12/24,Zelle Debit PAY ID: CTIQuNa2c2Gt ORG ID: BAC NAME: KAI CHUNG WA,0,14,
02/12/24,Debit PIN Purchase TRADER JOE S# 54 TRADERNEW YORK 00YUS07154,13.27,0,
02/12/24,Debit Card Purchase 02/08 10: 54a # 7164 BAGEL BOBS NEW YORK NY 24040 Restaurant/ Bar,3.47,0,
02/12/24,Debit Card Purchase 02/08 06: 11p # 7164 SQ * DORADO TACOS & QUE New York NY 24040 Restaurant/ Bar,9.53,0,
02/12/24,Debit Card Purchase 02/08 01: 46p # 7164 SQ* AMBO New York NY 24040 Restaurant/ Bar,13.6,0,
02/12/24,Debit Card Purchase 02/08 10: 21p # 7164 TST* MANGO MANGO DESSE NEW YORK NY 24040 Restaurant/ Bar,37.17,0,
02/12/24,Debit Card Purchase 02/07 11: 10p# 7164 HILTON ADVPURCH8002367 MEMPHIS TN 24040 Hotels & Motels,144.55,0,1123.42
02/13/24,Debit Card Purchase 02/11 01: 08p # 7164 MTA* NYCT PAYGO NEW YORK NY 24043 Misc Transportation,2.9,0,
02/13/24,Debit Card Purchase 02/09 01: 40p # 7164 DUNKIN # 352392 NEW YORK NY 24041 Restaurant/ Bar,4.56,0,
02/13/24,Debit Card Purchase 02/09 04: 11p # 7164 MCDONALD'S F4682 NEW YORK NY 24041 Restaurant/ Bar,7.17,0,
03/01/24,Zelle Debit PAY ID: CTIgciqbtBqx ORG ID: JPM NAME: MOHAMMAD HOS,7,0,
03/01/24,Debit Card Purchase 02/28 12: 10p # 7164 DD/ BR# 346983 NEW YORK NY 24060 Restaurant/ Bar,2.18,0,1695.67
03/01/24,Debit Card Purchase 02/28 07: 46p # 7164 SQ * DORADO TACOS & QUE New York NY 24060 Restaurant/ Bar,18.98,0,1695.67
03/04/24,Transfer From Money Market 03/03 08: 40a # 7164 ONLINE Reference # 009700,0,200,
03/04/24,Debit Card Purchase 02/28 03: 21p # 7164 CHICK- N- SMASH CORP NEW YORK NY 24061 Restaurant/ Bar,12.97,0,1882.7
03/05/24,Mobile Purchase Sign Based 03/03 08: 41a # 7164 D2723 MTA* NYCT PAYGO NEW YORK NY 24064 Misc Transportation,2.9,0,
03/05/24,Debit Card Purchase 03/02 06: 19p # 7164 MTA* NYCT PAYGO NEW YORK NY 24063 Misc Transportation,2.9,0,
03/05/24,Debit Card Purchase 03/02 12: 04a # 7164 KFC F569028 669028 NEW YORK NY 24062 Restaurant/ Bar,3.47,0,
03/05/24,Mobile Purchase Sign Based 03/02 10: 53p # 7164 D2723 KITCHEN VALLEY MARKETP NEW YORK NY 24064 Food & Beverages,7.91,0,
03/05/24,Mobile Purchase Sign Based 03/01 09: 36p # 7164 D2723 TARGET 00033803 NEW YORK NY 24062 Retail stores,11.57,0,
03/05/24,Mobile Purchase PIN Based D2723 TRADER JO TRADER JOES NEW YORK 00YUS07154,13.48,0,
03/05/24,Debit Card Purchase 02/29 07: 21p # 7164 YGF MALATANG- EAST VILL CHICAGO IL 24062 Restaurant/ Bar,35.33,0,
03/05/24,Debit Card Purchase 03/02 12: 01a # 7164 KFC F569028 NEW YORK NY 24062 Restaurant/ Bar,37.32,0,
03/05/24,Debit Card Purchase 03/01 08: 54p # 7164 TST* 886 New York NY 24062 Restaurant/ Bar,97.94,0,184.89
03/05/24,"Mobile Purchase Sign Based 02/29 08: 40p # 7164 APF* HELM MANAGEMENT, I NEW YORK NY 24062",1484.99,0,184.89
03/06/24,Debit Card Purchase 03/04 12: 40p # 7164 TST DONER HAUS New York NY 24065 Restaurant/ Bar,13.93,0,170.96
03/07/24,Debit PIN Purchase TRADER JOE S# 54 TRADERNEW YORK 00YUS07154,2.97,0,167.99
03/08/24,ACH Electronic Credit VARSITY TUTORS L DIRDEPDD,0,45,
03/08/24,Debit Card Purchase 03/06 02: 19p # 7164 CHIPOTLE 0590 NEW YORK NY 24067 Restaurant/ Bar,12.19,0,186.76
03/08/24,Debit Card Purchase 03/06 02: 02p # 7164 VENMO * GUOLIANG LIU 8558124430 NY 24067,14.04,0,186.76
03/11/24,Transfer From Money Market 03/09 08: 14p # 7164 ONLINE Reference # 005117,0,1000,
03/11/24,Zelle Debit PAY ID: CT163dfG00Ev ORG ID: JPM NAME: MOHAMMAD HOS,14,0,
03/11/24,Mobile Purchase PIN Based D2723 TRADER JO TRADER JOES NEW YORK 00YUS07154,13.73,0,
03/11/24,Debit Card Purchase 03/07 05: 21p # 7164 REGAL CINEMAS INC 8778355734 TN 24068 Recreational Services,63.78,0,1095.25
03/12/24,ACH Electronic Credit VARSITY TUTORS L DIRDEPDD,0,31.25,
03/12/24,Zelle Debit PAY ID: CTlevPzxf6c0 ORG ID: BAC NAME: KAI CHUNG WA,109,0,
03/12/24,Mobile Purchase Sign Based 03/08 06: 21p # 7164 D2723 MTA* NYCT PAYGO NEW YORK NY 24069 Misc Transportation,2.9,0,
03/12/24,Mobile Purchase Sign Based 03/08 12: 57p # 7164 D2723 MTA* NYCT PAYGO NEW YORK NY 24069 Misc Transportation,2.9,0,
03/12/24,Mobile Purchase PIN Based D2723 TRADER JO TRADER JOES NEW YORK 00YUS07154,10.96,0,
03/12/24,Debit Card Purchase 03/09 10: 14p # 7164 HAPPY BURRITO INC. NEW YORK NY 24070 Restaurant/ Bar,13.4,0,
03/12/24,Mobile Purchase Sign Based 03/08 12: 55p # 7164 D2723 NORDSTROM RACK# 515 NEW YORK NY 24069 Retail stores.,14.97,0,
03/12/24,Debit Card Purchase 03/09 08: 16p # 7164 FGTROLLING LOUD LA 3055716450 Tx 24070 Recreational Services,176.95,0,795.42
03/13/24,Zelle Debit PAY ID: CTI1xmfp91vy ORG ID: JPM NAME: MOHAMMAD HOS,9,0,786.42
03/14/24,Zelle Credit PAY ID: JPM99abk960b ORG ID: JPM NAME: SHREY TAYAL,0,10,
03/14/24,Mobile Purchase PIN Based D2723 BEST BUY# 1531 NEW YORK 00YUS07157,43.54,0,752.88
03/15/24,ACH Electronic Credit VARSITY TUTORS L DIRDEPDD,0,60,
03/15/24,Mobile Purchase Sign Based 03/13 05: 34p # 7164 D2723 MULBERRY MARKET# 2308 NEW YORK NY 24074 Food & Beverages,3.31,0,
03/15/24,Debit Card Purchase 03/13 07: 44p # 7164 SQ* DORADO TACOS & QUE New York NY 24074 Restaurant/ Bar,17.94,0,791.63
03/18/24,Zelle Credit PAY ID: BACrsajvdz6r ORG ID: BAC NAME: JUSTIN XZ C,0,22.5,
03/18/24,Debit Card Purchase 03/13 03: 31p # 7164 TUE THAI FOOD NEW YORK NY 24075 Restaurant/ Bar,35.85,0,738.99
03/18/24,Mobile Purchase Sign Based 03/14 10: 01p # 7164 D2723 TST MANGO MANGO DESSE NEW YORK NY 24075 Restaurant/ Bar,39.29,0,
03/19/24,Mobile Purchase Sign Based 03/15 01: 42p # 7164 D2723 MTA* NYCT PAYGO NEW YORK NY 24076 Misc Transportation,2.9,0,
03/19/24,Mobile Purchase Sign Based 03/16 02: 53a # 7164 D2723 IN- N- OUT TUSTIN 2 TUSTIN CA 24077 Restaurant/ Bar,6.57,0,
03/19/24,Mobile Purchase Sign Based 03/16 06: 39p # 7164 D2723 SNACK* SOMI SOMI IRVIN SAN FRANCISCO CA 24077 Restaurant/ Bar,6.95,0,
03/19/24,Debit Card Purchase 03/15 03: 49a# 7164 KAZI PITHA GHOR JACKSON HEIGH NY 24076 Restaurant/ Bar,8,0,
03/19/24,Mobile Purchase Sign Based 03/16 07: 15p # 7164 Amazon Prime* R68KG9UB2 8882804331 WA 24077 Misc Mail & Phone orders,8.15,0,
03/19/24,Debit Card Purchase 03/14 08: 11p# 7164 RAMEN DANB DANBO NEW YORK NY 24076 Restaurant/ Bar,18.4,0,
03/19/24,Mobile Purchase Sign Based 03/17 10: 57p # 7164 D2723 ROLLING LOUD MUSIC FES LOS ANGELES CA 24078 Specialty Retail stores,19.8,0,
03/19/24,Debit Card Purchase 03/16 06: 16p # 7164 BBQ CHICKEN IRVINE IRVINE CA 24077 Restaurant/ Bar,90.16,0,578.06
03/20/24,Mobile Purchase Sign Based 03/17 04: 35p # 7164 D2723 IN- N- OUT SIGNAL HILL SIGNAL HILL CA 24079 Restaurant/ Bar,8.76,0,
03/20/24,Mobile Purchase Sign Based 03/17 05: 20p # 7164 D2723 ROSS STORES# 1377 SIGNAL HILL CA 24079 Retail stores,26.44,0,542.86
03/21/24,Debit Card Purchase 03/18 07: 55p # 7164 IHOP# 0823 SAN DIEGO CA 24080 Restaurant/ Bar,51.51,0,491.35
03/22/24,Mobile Purchase PIN Based D2723 Duane Rea 123133 3RD A NEW YORK 00YUS07159,4.58,0,
03/22/24,Mobile Purchase Sign Based 03/19 03: 57p# 7164 D2723 YOGURTLAND CA120 IRVINE CA 24081 Restaurant/ Bar,11.64,0,
03/22/24,Debit Card Purchase 03/20 04: 07p # 7164 ALL THAT SHABU IRVINE CA 24081 Restaurant/ Bar,72.91,0,402.22
03/25/24,Zelle Credit PAY ID: JPM99add3w08 ORG ID: JPM NAME: BOWIE CHUANG,0,5,
03/25/24,Mobile Purchase PIN Based D2723 MORTON WILLIAMS NEW YORK 00YUS07154,1.49,0,
03/25/24,Debit Card Purchase 03/21 01: 44a # 7164 KAZI PITHA GHOR JACKSON HEIGH NY 24082 Restaurant/ Bar,8,0,
03/25/24,Debit Card Purchase 03/21 08: 43p # 7164 VENMO * RICK ZHU 8558124430 NY 24082,125,0,272.73
03/26/24,Zelle Debit PAY ID: CTIqcl2Vamea ORG ID: JPM NAME: JUSTIN CHU,20.04,0,
03/26/24,Zelle Debit PAY ID: CTIjyQk3G7Zf ORG ID: JPM NAME: MAXIMILIAN C,70,0,
03/26/24,Mobile Purchase Sign Based 03/24 11: 22p # 7164 D2723 MTA* NYCT PAYGO NEW YORK NY 24085 Misc Transportation,2.9,0,
03/26/24,Mobile Purchase Sign Based 03/22 04: 42p # 7164 D2723 MTA* NYCT PAYGO NEW YORK NY 24083 Misc Transportation,2.9,0,
03/26/24,Mobile Purchase Sign Based 03/24 02: 31p # 7164 D2723 MTA* NYCT PAYGO NEW YORK NY 24085 Misc Transportation,2.9,0,
04/29/24,Monthly Service Fee,12,0,
04/29/24,Fee for non- Citibank ATM transaction,2.5,0,
04/01/24,Zelle Debit PAY ID: CTIhsLJMvt4T ORG ID: JPM NAME: MAXIMILIAN C,23.6,0,
04/01/24,Mobile Purchase PIN Based D2723 TRADER JO TRADER JOES NEW YORK 00YUS07154,10.67,0,
04/01/24,Mobile Purchase Sign Based 03/28 07: 00p # 7164 D2723 CHIPOTLE 1597 NEW YORK NY 24089 Restaurant/ Bar,12.19,0,
04/01/24,Debit Card Purchase 03/27 03: 15p # 7164 TUE THAI FOOD NEW YORK NY 24089 Restaurant/ Bar,52.49,0,286.94
04/02/24,Transfer From Money Market 11: 13a # 7164 ONLINE Reference# 000616,0,2000,
04/02/24,Mobile Purchase Sign Based 03/29 02: 03p# 7164 D2723 MTA* NYCT PAYGO NEW YORK NY 24090 Misc Transportation,2.9,0,
04/02/24,Mobile Purchase Sign Based 03/31 04: 54p # 7164 D2723 MTA* NYCT PAYGO NEW YORK NY 24092 Misc Transportation,2.9,0,
04/02/24,Mobile Purchase Sign Based 03/29 02: 28p# 7164 D2723 TST* LOS TACOS NO. 1 New York NY 24090 Restaurant/ Bar,4.9,0,
04/02/24,Mobile Purchase Sign Based 03/29 11: 37p # 7164 D2723 WAWA STORE 8331 PRINCETON NJ 24090 Food & Beverages,10.64,0,
04/02/24,Mobile Purchase Sign Based 03/29 12: 57p # 7164 D2723 NJT RAIL MY- TIX NEWARK NJ 24090 Misc Transportation,17.75,0,
04/02/24,Mobile Purchase Sign Based 03/31 01: 12p # 7164 D2723 NJT RAIL MY- TIX NEWARK NJ 24092 Misc Transportation,17.75,0,2230.1
04/03/24,Debit Card Purchase 03/31 10: 54p # 7164 KYURAMEN (NY- UNION SQU CHICAGO IL 24093 Restaurant/ Bar,23.12,0,
04/03/24,Mobile Purchase PIN Based D2723 TRADER JO TRADER JOES NEW YORK 00YUS07154,58.38,0,2148.6
04/04/24,Debit Card Purchase 04/02 07: 24p # 7164 SQ* SAN MARZANO New York NY 24094 Restaurant/ Bar,74.52,0,
04/04/24,"Mobile Purchase Sign Based 04/02 11: 13a # 7164 APF* HELM MANAGEMENT, I NEW YORK NY 24094",1484.99,0,589.09
04/05/24,Mobile Purchase PIN Based D2723 TRADER JO TRADER JOES NEW YORK 00YUS07154,7.98,0,581.11
04/08/24,Mobile Purchase Sign Based 04/04 12: 17p # 7164 D2723 SQ* AMBO New York NY 24096 Restaurant/ Bar,14.14,0,
04/08/24,Mobile Purchase PIN Based D2723 TRADER JO TRADER JOES NEW YORK 00YUS07154,24.44,0,
04/08/24,Debit Card Purchase 04/04 07: 41p # 7164 HK WONTON GARDEN INC NEW YORK NY 24096 Restaurant/ Bar,49,0,293.53
04/08/24,"Cash Withdrawal 04/06 06: 04p # 7164 Citibank ATM 164 CANAL STREET, NY, NY",200,0,
04/09/24,Mobile Purchase Sign Based 04/07 12: 38a# 7164 D2723 MTA* NYCT PAYGO NEW YORK NY 24099 Misc Transportation,2.9,0,
04/09/24,Mobile Purchase Sign Based 04/07 11: 39a # 7164 D2723 MTA* NYCT PAYGO NEW YORK NY 24099 Misc Transportation,2.9,0,
04/09/24,Mobile Purchase Sign Based 04/05 07: 46a # 7164 D2723 MTA* NYCT PAYGO NEW YORK NY 24097 Misc Transportation,2.9,0,
04/09/24,Mobile Purchase Sign Based 04/05 08: 06p # 7164 D2723 HARI 99999 INC NEW YORK NY 24097 Restaurant/ Bar,14.14,0,
04/09/24,Mobile Purchase Sign Based 04/07 01: 40p # 7164 D2723 SQ * NOONA NOODLES New York NY 24099 Restaurant/ Bar,37.02,0,
04/09/24,Mobile Purchase Sign Based 04/06 03: 57p # 7164 D2723 Uniqlo USA LLC New York NY 24098 Specialty Retail stores.,47.9,0,185.77
04/10/24,Mobile Purchase PIN Based D2723 CVS/ PHARM 10828--51 AS NEW YORK 00YUS07159,3.79,0,181.98
04/11/24,Mobile Purchase Sign Based 04/09 01: 31p# 7164 D2723 MTA* NYCT PAYGO NEW YORK NY 24101 Misc Transportation,2.9,0,
04/11/24,Mobile Purchase Sign Based 04/09 01: 46p # 7164 D2723 MCDONALD'S F4682 NEW YORK NY 24101 Restaurant/ Bar,15.83,0,146.92
04/11/24,Mobile Purchase Sign Based 04/09 07: 52p # 7164 D2723 TST* THE KATI ROLL COM NEW YORK NY 24101 Restaurant/ Bar,16.33,0,146.92
04/12/24,Mobile Purchase Sign Based 04/10 12: 25p# 7164 D2723 SQ * AMBO New York NY 24102 Restaurant/ Bar,14.14,0,132.78
04/15/24,Transfer From Money Market 04/13 12: 31a# 7164 ONLINE Reference# 000465,0,1500,1568.55
04/15/24,Debit Card Purchase 04/10 08: 59p # 7164 KYURAMEN (NY- UNION SQU CHICAGO IL 24103 Restaurant/ Bar,64.23,0,1568.55
04/16/24,Mobile Purchase Sign Based 04/13 06: 30p # 7164 D2723 MTA* NYCT PAYGO NEW YORK NY 24105 Misc Transportation,2.9,0,
04/16/24,Mobile Purchase Sign Based 04/14 10: 24p # 7164 D2723 MTA* NYCT PAYGO NEW YORK NY 24106 Misc Transportation,2.9,0,
04/16/24,Mobile Purchase Sign Based 04/14 03: 52p# 7164 D2723 MTA* NYCT PAYGO NEW YORK NY 24106 Misc Transportation,2.9,0,
04/16/24,Mobile Purchase Sign Based 04/12 03: 57p # 7164 D2723 MTA* NYCT PAYGO NEW YORK NY 24104 Misc Transportation,2.9,0,
04/16/24,Mobile Purchase Sign Based 04/14 04: 45p # 7164 D2723 TARGET GET 00028506 BROOKLYN NY 24106 Food & Beverages,5.05,0,
04/16/24,Mobile Purchase Sign Based 04/12 01: 29p# 7164 D2723 SQ* BOBA GUYS SOHO New York NY 24104 Restaurant/ Bar,7.19,0,
04/16/24,Mobile Purchase Sign Based 04/12 01: 45p # 7164 D2723 SQ* ME CHICKEN RICE New York NY 24104 Restaurant/ Bar,12.96,0,
04/16/24,Mobile Purchase Sign Based 04/14 11: 43a # 7164 D2723 SQ* AMBO New York NY 24106 Restaurant/ Bar,14.14,0,
04/16/24,Mobile Purchase Sign Based 04/14 11: 01p # 7164 D2723 MCDONALD'S F4682 NEW YORK NY 24106 Restaurant/ Bar,24.51,0,
04/16/24,Debit Card Purchase 04/13 12: 32a # 7164 YUNSHANG RICE NOODLE H BROOKLYN NY 24106 Restaurant/ Bar,91.46,0,1401.64
04/17/24,Zelle Debit PAY ID: CTIkdyxqqOal ORG ID: BAC NAME: JOYCE SHI,5,0,
04/17/24,Mobile Purchase Sign Based 04/15 11: 21p # 7164 D2723 MTA* NYCT PAYGO NEW YORK NY 24107 Misc Transportation,2.9,0,
04/17/24,Mobile Purchase Sign Based 04/15 07: 34p # 7164 D2723 MTA* NYCT PAYGO NEW YORK NY 24107 Misc Transportation,2.9,0,
04/17/24,Mobile Purchase PIN Based D2723 TRADER JO TRADER JOES NEW YORK 00YUS07154,7.98,0,1366.54
04/17/24,Mobile Purchase PIN Based D2723 Duane Rea 1 UNION SQUA NEW YORK 00YUS07159,16.32,0,1366.54
04/18/24,Mobile Purchase Sign Based 04/16 07: 19p # 7164 Amazon Prime* 5L0QX05G3 8882804331 WA 24108 Misc Mail & Phone orders,8.15,0,
04/18/24,Mobile Purchase Sign Based 04/16 01: 15p# 7164 D2723 SQ * AMBO New York NY 24108 Restaurant/ Bar,20.13,0,1338.26
04/19/24,Zelle Credit PAY ID: JPM99afrvbdj ORG ID: JPM NAME: MAXIMILIAN W,0,44,
04/19/24,Debit PIN Purchase Strand Book Store RetaiNew York 00YUS07159.,37.01,0,
04/19/24,Mobile Purchase PIN Based D2723 TRADER JO TRADER JOES NEW YORK 00YUS07154,9.68,0,1335.57
04/22/24,Zelle Credit PAY ID: JPM99afwsk17 ORG ID: JPM NAME: MAXIMILIAN W,0,19,
04/22/24,Zelle Credit PAY ID: BACkaftna2mf ORG ID: BAC NAME: JUSTIN X Z C,0,65,
04/22/24,Mobile Purchase Sign Based 04/17 10: 22p # 7164 D2723 HAN'S DELI NEW YORK NY 24110 Food & Beverages,5.98,0,
04/22/24,Mobile Purchase Sign Based 04/17 10: 36p# 7164 D2723 FOOD LOVERS CORP. ASTORIA NY 24110 Restaurant/ Bar,11.5,0,
04/22/24,Cash Withdrawal 04/20 02: 45p # 7164 Non Citi ATM 000000000290646 New York 00YUS051,48.5,0,1353.59
04/23/24,Zelle Credit PAY ID: JPM99afyduh4 ORG ID: JPM NAME: MAXIMILIAN W,0,23,
04/23/24,Zelle Credit PAY ID: JPM99afyedfm ORG ID: JPM NAME: HSIN- YU LEE,0,23,
04/23/24,Zelle Debit PAY ID: CTImsezc2qbP ORG ID: BAC NAME: KAI CHUNG WA,64.6,0,
04/30/24,Foreign Transaction Fee BAT CAVE GAMES LTD SOUTHAMPTON GBR24118,0.64,0,
04/30/24,Fee for Non- Citibank ATM use,2.5,0,
04/30/24,Monthly Service Fee,12,0,
04/30/24,Zelle Debit PAY ID: CTIxhr6gkfco ORG ID: BAC NAME: MARIA CHEA,0,5,
04/30/24,Mobile Purchase Sign Based 04/27 11: 38a # 7164 D2723 MTA* NYCT PAYGO NEW YORK NY 24119 Misc Transportation,2.9,0,
04/30/24,Mobile Purchase Sign Based 04/26 11: 59p # 7164 D2723 MTA* NYCT PAYGO NEW YORK NY 24119 Misc Transportation,2.9,0,
04/30/24,Mobile Purchase Sign Based 04/27 02: 39p # 7164 D2723 AG TRAVEL PLAZA 100010 NEWARK D? 24119 Food & Beverages,4.49,0,
04/30/24,Mobile Purchase Sign Based 04/28 11: 24a # 7164 D2723 SQ* E.B INDUSTRIES LLC Washington DC 24120 Restaurant/ Bar,16.5,0,
04/30/24,Debit Card Purchase 04/26 02: 07p # 7164 BAT CAVE GAMES LTD SOUTHAMPTON GBR24118 Specialty Retail stores,21.29,0,
04/30/24,Mobile Purchase Sign Based 04/25 05: 52p# 7164 D2723 H MART NEW YORK NY 24118 Food & Beverages,24.48,0,
04/30/24,Debit Card Purchase 04/26 12: 02p # 7164 HELLO SAIGON NEW YORK NY 24118 Restaurant/ Bar,31.92,0,
04/30/24,Debit Card Purchase 04/28 # 7164 PAYPAL* GRUBHUBFOOD PI 4029357733 IL 24120 Restaurant/ Bar,42.53,0,203.93
04/30/24,Debit Card Purchase 04/26 08: 11a# 7164 AIRBNB HM32BTAEJD 4158005959 CA 24118 Misc Transportation,235.17,0,203.93
05/01/24,Zelle Credit PAY ID: JPM99agbjwi3 ORG ID: JPM NAME: KATELYN LEE,0,69,
05/01/24,Mobile Purchase Sign Based 04/28 07: 06p # 7164 D2723 MTA* NYCT PAYGO NEW YORK NY 24121 Misc Transportation,2.9,0,
05/01/24,Mobile Purchase Sign Based 04/29 10: 11p # 7164 D2723 TST 7TH STREET BURGER NEW YORK NY 24121 Restaurant/ Bar,7.07,0,262.96
05/02/24,Transfer From Money Market 09: 51p # 7164 ONLINE Reference# 000004,0,1500,
05/02/24,Debit PIN Purchase Strand Book Store RetaiNew York 00YUS07159,31.52,0,
05/02/24,Mobile Purchase Sign Based 04/30 10: 45a # 7164 D2723 MTA* NYCT PAYGO NEW YORK NY 24122 Misc Transportation,2.9,0,
05/02/24,Mobile Purchase Sign Based 04/29 05: 06p # 7164 D2723 NOHO JUICE BAR NEW YORK NY 24122 Food & Beverages,8.71,0,
05/02/24,Mobile Purchase Sign Based 04/30 01: 15p# 7164 D2723 SQ* EL SAZON R.D. New York NY 24122 Restaurant/ Bar,13.37,0,
05/02/24,Mobile Purchase Sign Based 04/30 07: 41p # 7164 D2723 SAIGON SHA* SAIGON SHA NEW YORK NY 24122 Restaurant/ Bar,16.28,0,
05/02/24,Mobile Purchase Sign Based 04/30 07: 51p # 7164 D2723 SAIGON SHA* SAIGON SHA NEW YORK NY 24122 Restaurant/ Bar,18.46,0,1671.72
05/03/24,Transfer From Money Market 10: 13p # 7164 ONLINE Reference# 008416,0,150,
05/03/24,Mobile Purchase Sign Based 05/01 06: 43p# 7164 D2723 SQ* DORADO TACOS & QUE New York NY 24123 Restaurant/ Bar,16.27,0,
05/03/24,Mobile Purchase Sign Based 05/01 12: 27p # 7164 D2723 TST* DIG INN- 691 BROA NEW YORK NY 24123 Restaurant/ Bar,18.73,0,1786.72
05/06/24,Zelle Credit PAY ID: BACIOkues3ki ORG ID: BAC NAME: JOYCE SHI,0,16,
05/06/24,Transfer From Money Market 05/04 06: 42p # 7164 ONLINE Reference# 005604,0,100,
05/06/24,Zelle Credit PAY ID: BACd9z1lmbmf ORG ID: BAC NAME: VENKAT KISHE,0,102,
05/06/24,Transfer From Money Market 05/05 03: 15p # 7164 ONLINE Reference # 006039,0,500,
05/06/24,Zelle Debit PAY ID: CTIHnaQypnov ORG ID: JPM NAME: MOHAMMAD HOS,7,0,
05/06/24,Debit Card Purchase 05/02 02: 58p # 7164 DD/ BR# 346983 NEW YORK NY 24124 Restaurant/ Bar,3.27,0,
05/06/24,Mobile Purchase PIN Based,5.38,0,
05/06/24,Mobile Purchase PIN Based D2723 TRADER JO TRADER JOES NEW YORK 00YUS07154,5.43,0,2434.48
05/06/24,Mobile Purchase Sign Based 05/02 12: 03p # 7164 D2723 SQ * AMBO New York NY 24124 Restaurant/ Bar,14.14,0,2434.48
05/06/24,Mobile Purchase PIN Based D2723 BURLINGTON STORES 835 NEW YORK 00YUS07156,35.02,0,2434.48
05/07/24,Zelle Debit PAY ID: CTI2e9sGQats ORG ID: BAC NAME: GUANTING HUA,246,0,
05/07/24,Mobile Purchase Sign Based 05/03 06: 40p # 7164 D2723 PREMIER ORGANIC CORP BROOKLYN NY 24127 Food & Beverages,2.08,0,
05/07/24,Mobile Purchase Sign Based 05/05 03: 23p # 7164 D2723 MTA* NYCT PAYGO NEW YORK NY 24127 Misc Transportation,2.9,0,
05/07/24,Mobile Purchase Sign Based 05/03 03: 44p # 7164 D2723 MTA* NYCT PAYGO NEW YORK NY 24125 Misc Transportation,2.9,0,
05/07/24,Mobile Purchase Sign Based 05/04 12: 09p # 7164 D2723 MTA* NYCT PAYGO NEW YORK NY 24126 Misc Transportation,2.9,0,
05/07/24,Mobile Purchase Sign Based 05/04 06: 31p# 7164 D2723 MTA* NYCT PAYGO NEW YORK NY 24126 Misc Transportation,2.9,0,
05/07/24,Debit Card Purchase 05/05 10: 12a # 7164 DUNKIN# 352392 NEW YORK NY 24127 Restaurant/ Bar,9.35,0,
05/07/24,Debit Card Purchase 05/05 08: 27p# 7164 KAZI PITHA GHOR JACKSON HEIGH NY 24127 Restaurant/ Bar,16,0,
05/07/24,Mobile Purchase Sign Based 05/03 03: 39p # 7164 D2723 Subway 46945 New York NY 24125 Restaurant/ Bar,18.5,0,
05/07/24,Mobile Purchase Sign Based 05/03 04: 26p# 7164 D2723 Ferox Ninja Park Brooklyn NY 24125 Recreational Services,32,0,
05/07/24,Mobile Purchase Sign Based 05/03 03: 22p# 7164 D2723 BARNES & NOBLE# 2675 NEW YORK NY 24126 Specialty Retail stores Special,40.32,0,
05/07/24,Mobile Purchase Sign Based 05/05 03: 15p # 7164 VENMO * KONG SIHK TONG 4029357733 NY 24127 Restaurant/ Bar,84,0,
05/07/24,Mobile Purchase Sign Based 05/03 10: 14p # 7164 AXS.COMBOWERY NY 8889297849 CA 24125 Recreational Services,113.61,0,
05/07/24,"Mobile Purchase Sign Based 05/02 09: 51p # 7164 APF HELM MANAGEMENT, I NEW YORK NY 24125",1509.99,0,351.03
05/08/24,Mobile Purchase Sign Based 05/06 07: 30a # 7164 D2723 CITIBIK1 RIDE 8558659553 CA 24128 Misc Transportation,5.22,0,324.91
05/08/24,Debit Card Purchase 05/06 10: 27a # 7164 DD/ BR# 346983 NEW YORK NY 24128 Restaurant/ Bar,7.94,0,324.91
05/08/24,Mobile Purchase Sign Based 05/06 03: 41p # 7164 D2723 SQ* ME CHICKEN RICE Ny NY 24128 Restaurant/ Bar,12.96,0,324.91
05/09/24,Zelle Debit PAY ID: CTICVgal5Ruw ORG ID: JPM NAME: HAE YOON,26.83,0,281.04
05/09/24,Mobile Purchase Sign Based 05/07 04: 30p # 7164 D2723 MTA* NYCT PAYGO NEW YORK NY 24129 Misc Transportation,2.9,0,281.04
05/09/24,Mobile Purchase Sign Based 05/07 11: 37a # 7164 D2723 SQ * AMBO New York NY 24129 Restaurant/ Bar,14.14,0,281.04
05/10/24,Zelle Credit PAY ID: JPM99agv9qm6 ORG ID: JPM NAME: TED H SUI,0,26.08,263.36
05/10/24,Zelle Debit PAY ID: CTIPV12mfp3f ORG ID: BAC NAME: JASON PAN,30,0,263.36
05/10/24,Mobile Purchase PIN Based D2723 TRADER JO TRADER JOES NEW YORK 00YUS07154,13.76,0,263.36
05/13/24,Transfer From Money Market 05/12 04: 01a# 7164 ONLINE Reference# 004142,0,75,
05/13/24,Transfer From Money Market 05/12 08: 05p # 7164 ONLINE Reference# 000707,0,100,
05/13/24,Zelle Debit PAY ID: CTIlbtmS3Mob ORG ID: BAC NAME: KRISHAANG AG,21,0,
05/13/24,Zelle Debit PAY ID: CT16bJNZIIhc ORG ID: BAC NAME: JABA GALUASH,95,0,
05/13/24,Mobile Purchase Sign Based 05/09 11: 58a # 7164 D2723 HEAVENLY MARKET & CAFE NEW YORK NY 24131 Restaurant/ Bar,4.74,0,
05/13/24,Mobile Purchase PIN Based D2723 Duane Rea 1 UNION SQUA NEW YORK 00YUS07159,7.33,0,
05/30/24,DEBIT CARD TRANSFER CREDIT VENMO* JIANG A San Jose 00AUS06065,0,1607.07,1635.39
06/04/24,"Mobile Purchase Sign Based 05/31 11: 12a # 7164 APF* HELM MANAGEMENT, I NEW YORK NY 24153",1484.99,0,150.4
06/06/24,Foreign Transaction Fee ALP * Hello Bik Shanghai CHN24157,0.01,0,150.18
06/06/24,Debit Card Purchase 06/04 07: 00a # 7164 ALP * Hello Bik Shanghai CHN24157 Misc Business Services,0.21,0,150.18
06/10/24,Zelle Debit PAY ID: CTIdbxxcsASV ORG ID: BAC NAME: HO CHEUNG AI,16.64,0,133.54
06/18/24,Foreign Transaction Fee ALP * Hello Bik Shanghai CHN24168,0.01,0,123.9
06/18/24,Foreign Transaction Fee ALP* zhejianghaibianliw Shanghai CHN24168,0.03,0,123.9
06/18/24,Debit Card Purchase 06/14 11: 20p # 7164 ALP * Hello Bik Shanghai CHN24168 Misc Personal Services,0.48,0,123.9
06/18/24,Debit Card Purchase 06/13 08: 28p # 7164 ALP* zhejianghaibianliw Shanghai CHN24168 Specialty Retail stores,0.97,0,123.9
06/18/24,Mobile Purchase Sign Based 06/16 07: 47p # 7164 Amazon Prime?* W28MB9273 8882804331 WA 24169 Misc Mail & Phone orders,8.15,0,123.9
06/21/24,Foreign Transaction Fee ALP * Hello Bik Shanghai CHN24172,0.01,0,123.68
06/21/24,Debit Card Purchase 06/19 06: 51a # 7164 ALP * Hello Bik Shanghai CHN24172 Misc Personal Services,0.21,0,123.68
06/25/24,Foreign Transaction Fee ALP * Hello Bik Shanghai CHN24176,0.02,0,122.97
06/25/24,Debit Card Purchase 06/22 12: 02p # 7164 ALP * Hello Bik Shanghai CHN24176 Misc Personal Services,0.69,0,122.97
06/26/24,Foreign Transaction Fee ALP* Hello Bike Shanghai CHN24177,0.01,0,121.26
06/26/24,Foreign Transaction Fee ALP* Hello Bike Shanghai CHN24177,0.04,0,121.26
06/26/24,Debit Card Purchase 06/23 10: 23a # 7164 ALP Hello Bike Shanghail CHN24177 Misc Personal Services,0.28,0,121.26
06/26/24,Debit Card Purchase 06/23 11: 54a# 7164 ALP Hello Bike Shanghai CHN24177 Misc Personal Services,1.38,0,121.26
06/28/24,Foreign Transaction Fee ALP sichuanshengjichan Shanghai CHN24179,0.14,0,116.37
06/28/24,Debit Card Purchase 06/25 03: 52a # 7164 ALP sichuanshengjichan Shanghai CHN24179 Retail stores,4.75,0,116.37
07/01/24,DEBIT CARD TRANSFER CREDIT VENMO*JIANG A San Jose CAUS06065,0,1575,
07/01/24,Monthly Service Fee,12,0,1679.37
07/02/24,Zelle Debit PAY ID:CTIW1gwbdZuf ORG ID:JPM NAME:SHREY TAYAL,15.4,0,
07/02/24,Mobile Purchase PIN Based D2723 MARSHALLS 197 E HOUSTO NEW YORK NYUS07153,8.7,0,
07/02/24,Mobile Purchase PIN Based D2723 CVS/PHARM 11132--187 E New York NYUS07159,26.65,0,1628.62
07/03/24,Mobile Purchase Sign Based 07/01 11:39p #7164 D2723 MTA*NYCT PAYGO NEW YORK NY 24184 Misc Transportation,2.9,0,
07/03/24,Mobile Purchase Sign Based 07/01 11:38p #7164 D2723 MTA*NYCT PAYGO NEW YORK NY 24184 Misc Transportation,4.25,0,
07/03/24,"Mobile Purchase Sign Based 07/01 03:04a #7164 APF*HELM MANAGEMENT, I NEW YORK NY 24184",1609.99,0,11.48
07/05/24,Transfer From Money Market 03:43p #7164 ONLINE Reference # 000681,0,10.11,
07/05/24,Mobile Purchase PIN Based D2723 TRADER JO TRADER JOES NEW YORK NYUS07154,2.69,0,18.9
07/08/24,Debit Card Purchase 07/03 07:47a #7164 DD/BR #346983 NEW YORK NY 24186 Restaurant/Bar,9.03,0,9.87
07/09/24,Transfer From Money Market 08:22a #7164 ONLINE Reference # 001748,0,2500,
07/09/24,Mobile Purchase Sign Based 07/07 07:10p #7164 D2723 MTA*NYCT PAYGO NEW YORK NY 24190 Misc Transportation,2.9,0,
07/09/24,Mobile Purchase Sign Based 07/06 10:27p #7164 D2723 MTA*NYCT PAYGO NEW YORK NY 24189 Misc Transportation,2.9,0,
07/09/24,Debit Card Purchase 07/06 03:43a #7164 MTA*NYCT PAYGO RECOVER 718-330-1234 NY 24189 Misc Transportation,2.9,0,2501.17
07/11/24,Mobile Purchase Sign Based 07/09 07:17p #7164 D2723 MTA*NYCT PAYGO NEW YORK NY 24192 Misc Transportation,2.9,0,
07/11/24,Debit Card Purchase 07/09 08:32a #7164 DD/BR #346983 NEW YORK NY 24192 Restaurant/Bar,9.35,0,
07/11/24,Mobile Purchase Sign Based 07/09 02:49p #7164 D2723 SQ *AMBO New York NY 24192 Restaurant/Bar,14.14,0,
07/11/24,Debit Card Purchase 07/09 08:56p #7164 TST* AOI KITCHEN New York NY 24192 Restaurant/Bar,28.26,0,2446.52
07/12/24,Zelle Debit PAY ID:CTIEkoa6HkJn ORG ID:JPM NAME:SHREY TAYAL,1500,0,
07/12/24,Debit Card Purchase 07/10 08:32a #7164 DD/BR #346983 NEW YORK NY 24193 Restaurant/Bar,9.34,0,
07/12/24,Mobile Purchase Sign Based 07/10 07:06p #7164 D2723 SQ *DORADO TACOS & QUE New York NY 24193 Restaurant/Bar,30.46,0,
07/12/24,Mobile Purchase Sign Based 07/10 02:58p #7164 D2723 TST* UNCLE TEDS MODERN New York NY 24193 Restaurant/Bar,34.25,0,
07/12/24,Debit Card Purchase 07/10 11:58a #7164 RALLY OURBUS NEW YORK NY 24193 Misc Business Services,64.98,0,
07/12/24,Debit Card Purchase 07/09 11:18p #7164 RALLY OURBUS NEW YORK NY 24193 Misc Business Services,91.08,0,716.41
07/15/24,Debit Card Purchase Return 07/11 #7164 RALLY OURBUS NEW YORK NY 24194 Misc Business Services,0,47.34,
07/15/24,Mobile Purchase Sign Based 07/11 05:36p #7164 D2723 MTA*NYCT PAYGO NEW YORK NY 24194 Misc Transportation,2.9,0,
07/15/24,Mobile Purchase Sign Based 07/11 05:33p #7164 D2723 TARGET 00034116 NEW YORK NY 24194 Retail stores,6.6,0,
07/15/24,Debit Card Purchase 07/11 08:37a #7164 DD/BR #346983 NEW YORK NY 24194 Restaurant/Bar,9.34,0,
07/15/24,Mobile Purchase Sign Based 07/11 03:12p #7164 D2723 SQ *AMBO New York NY 24194 Restaurant/Bar,14.14,0,730.77
07/16/24,Mobile Purchase Sign Based 07/12 10:45a #7164 D2723 MTA*NYCT PAYGO NEW YORK NY 24195 Misc Transportation,2.9,0,
07/16/24,Mobile Purchase Sign Based 07/12 05:20p #7164 D2723 MTA*NYCT PAYGO NEW YORK NY 24195 Misc Transportation,2.9,0,
07/16/24,Mobile Purchase Sign Based 07/14 09:29p #7164 D2723 MTA*NYCT PAYGO NEW YORK NY 24197 Misc Transportation,2.9,0,
07/16/24,Mobile Purchase Sign Based 07/12 12:31p #7164 D2723 CHIPOTLE ONLINE CHIPOTLE.COM CA 24195 Restaurant/Bar,12.36,0,
07/16/24,Mobile Purchase Sign Based 07/12 08:28p #7164 D2723 BURGER KING #17582 Q07 NEWARK DE 24196 Restaurant/Bar,13.18,0,696.53
07/17/24,Zelle Debit PAY ID:CTInhfTw5oWB ORG ID:BAC NAME:KAI CHUNG WA,158.15,0,
07/17/24,Debit Card Purchase 07/15 08:23a #7164 DD/BR #346983 NEW YORK NY 24198 Restaurant/Bar,9.34,0,
07/17/24,Mobile Purchase Sign Based 07/15 02:41p #7164 D2723 CHIPOTLE ONLINE CHIPOTLE.COM CA 24198 Restaurant/Bar,12.36,0,
07/17/24,Mobile Purchase Sign Based 07/15 07:58p #7164 D2723 TST* 16 HANDLES - EAST NEW YORK NY 24198 Restaurant/Bar,14.97,0,501.71
07/18/24,Mobile Purchase Sign Based 07/16 07:07p #7164 Amazon Prime*RS54B6TF2 8882804331 WA 24199 Misc Mail & Phone orders,8.15,0,
07/18/24,Debit Card Purchase 07/16 08:39a #7164 DD/BR #346983 NEW YORK NY 24199 Restaurant/Bar,8.26,0,
07/18/24,Mobile Purchase Sign Based 07/16 01:58p #7164 D2723 CHIPOTLE ONLINE CHIPOTLE.COM CA 24199 Restaurant/Bar,12.19,0,473.11
07/19/24,Zelle Debit PAY ID:CTIL4MWqdlff ORG ID:JPM NAME:MAXIMILIAN C,14,0,
07/19/24,Zelle Debit PAY ID:CTIlaaG3dcbd ORG ID:JPM NAME:SHREY TAYAL,56,0,
07/19/24,Mobile Purchase Sign Based 07/16 09:42p #7164 D2723 MTA*NYCT PAYGO NEW YORK NY 24200 Misc Transportation,2.9,0,
07/19/24,Debit Card Purchase 07/17 03:30p #7164 DUNKIN #354629 Q35 NEW YORK NY 24200 Restaurant/Bar,9.01,0,
07/19/24,Debit Card Purchase 07/17 08:37a #7164 DD/BR #346983 NEW YORK NY 24200 Restaurant/Bar,9.35,0,
07/19/24,Mobile Purchase Sign Based 07/17 08:04p #7164 D2723 SQ *DORADO TACOS & QUE New York NY 24200 Restaurant/Bar,15.23,0,
07/19/24,Debit Card Purchase 07/17 03:29p #7164 TST* UNCLE TEDS MODERN New York NY 24200 Restaurant/Bar,16.49,0,
07/19/24,Mobile Purchase Sign Based 07/16 10:30p #7164 D2723 KYURAMEN (NY-UNION SQU CHICAGO IL 24200 Restaurant/Bar,51.36,0,298.77
07/22/24,Zelle Debit PAY ID:CTI4ng6wCfo6 ORG ID:JPM NAME:RYAN LEE,10,0,
07/22/24,Zelle Debit PAY ID:CTIzxbxPghrB ORG ID:JPM NAME:LEO HAN,13,0,
07/22/24,Zelle Debit PAY ID:CTIrAP5bPJrH ORG ID:JPM NAME:LEO HAN,14,0,
07/22/24,Mobile Purchase PIN Based D2723 MORTON WILLIAMS NEW YORK NYUS07154,2.29,0,
07/22/24,Debit Card Purchase 07/18 08:50a #7164 DD/BR #346983 NEW YORK NY 24201 Restaurant/Bar,11.74,0,
07/22/24,Mobile Purchase Sign Based 07/18 03:28p #7164 D2723 TST* DIG INN- 691 BROA NEW YORK NY 24201 Restaurant/Bar,13.77,0,233.97
07/23/24,Foreign Transaction Fee ALP*SH Metro Fastpass Shanghai CHN24204,0.03,0,
07/23/24,Debit Card Purchase 07/20 04:07a #7164 ALP*SH Metro Fastpass Shanghai CHN24204 Misc Transportation,0.96,0,
07/23/24,Mobile Purchase Sign Based 07/19 04:16p #7164 D2723 MTA*NYCT PAYGO NEW YORK NY 24202 Misc Transportation,2.9,0,
07/23/24,Mobile Purchase Sign Based 07/19 02:32p #7164 D2723 SQ *DREAMERS New York NY 24202 Restaurant/Bar,4.5,0,
07/23/24,Debit Card Purchase 07/21 03:05p #7164 DUNKIN #354629 Q35 NEW YORK NY 24204 Restaurant/Bar,5.65,0,
07/23/24,Mobile Purchase Sign Based 07/19 01:20p #7164 D2723 SQ *KORE COFFEE New York NY 24202 Restaurant/Bar,6.26,0,
07/23/24,Mobile Purchase Sign Based 07/20 10:26a #7164 D2723 SQ *THINK COFFEE MERCE New York NY 24203 Restaurant/Bar,6.5,0,
07/23/24,Mobile Purchase Sign Based 07/20 11:24a #7164 D2723 SQ *ME CHICKEN RICE New York NY 24203 Restaurant/Bar,12.96,0,
07/23/24,Mobile Purchase Sign Based 07/20 07:33p #7164 D2723 Subway 1859 New York NY 24203 Restaurant/Bar,14.36,0,
07/23/24,Debit Card Purchase 07/19 03:40p #7164 GOODREC.COM BEAVERTON OR 24202,21.99,0,157.86
07/24/24,Foreign Transaction Fee ALP*SH Metro Fastpass Shanghai CHN24205,0.01,0,
07/24/24,Debit Card Purchase 07/21 12:58a #7164 ALP*SH Metro Fastpass Shanghai CHN24205 Misc Transportation,0.41,0,
07/24/24,Mobile Purchase Sign Based 07/22 06:37p #7164 D2723 MTA*NYCT PAYGO NEW YORK NY 24205 Misc Transportation,2.9,0,
07/24/24,Debit Card Purchase 07/22 07:26a #7164 DD/BR #346983 NEW YORK NY 24205 Restaurant/Bar,11.74,0,
07/24/24,Debit Card Purchase 07/21 01:51p #7164 TUE THAI FOOD NEW YORK NY 24205 Restaurant/Bar,21.84,0,120.96
07/25/24,Transfer From Money Market 08:24a #7164 ONLINE Reference # 004565,0,500,
07/25/24,Mobile Purchase Sign Based 07/23 04:57p #7164 D2723 MTA*NYCT PAYGO NEW YORK NY 24206 Misc Transportation,2.9,0,
07/25/24,Mobile Purchase Sign Based 07/23 12:14a #7164 D2723 MTA*NYCT PAYGO NEW YORK NY 24206 Misc Transportation,2.9,0,
07/25/24,Debit Card Purchase 07/23 08:34p #7164 TST* BENEMON New York NY 24206 Restaurant/Bar,24.53,0,590.63
07/26/24,Mobile Purchase Sign Based 07/24 06:29p #7164 D2723 MTA*NYCT PAYGO NEW YORK NY 24207 Misc Transportation,2.9,0,
07/26/24,Mobile Purchase Sign Based 07/24 09:24p #7164 D2723 MTA*NYCT PAYGO NEW YORK NY 24207 Misc Transportation,2.9,0,
07/26/24,Mobile Purchase Sign Based 07/23 12:10p #7164 D2723 NYU STARBUCKS CAFE QPS NEW YORK NY 24207 Restaurant/Bar,4.3,0,
07/26/24,Debit Card Purchase 07/24 08:45a #7164 DD/BR #346983 NEW YORK NY 24207 Restaurant/Bar,6.52,0,
07/26/24,Debit Card Purchase 07/24 09:45a #7164 DD/BR #346983 NEW YORK NY 24207 Restaurant/Bar,9.01,0,
07/26/24,Mobile Purchase Sign Based 07/24 01:25p #7164 D2723 CHIPOTLE ONLINE CHIPOTLE.COM CA 24207 Restaurant/Bar,12.36,0,552.64
07/29/24,Mobile Purchase Sign Based 07/25 08:29a #7164 D2723 DUNKIN #354629 Q35 NEW YORK NY 24208 Restaurant/Bar,6.41,0,
07/29/24,Debit Card Purchase 07/24 10:01p #7164 KYURAMEN (NY-UNION SQU CHICAGO IL 24208 Restaurant/Bar,57.79,0,488.44
07/05/24,Transfer to Checking 03:43p #7164 ONLINE Reference # 000681,10.11,0,0
07/09/24,Incoming Wire Transfer WIRE FROM 1/JIANG XIAOXU,0,5085,
07/09/24,Transfer to Checking 08:22a #7164 ONLINE Reference # 001748,2500,0,2585
07/25/24,Transfer to Checking 08:24a #7164 ONLINE Reference # 004565,500,0,2085
07/29/24,"Interest paid for 29 days, Annual Percentage Yield Earned 0.03%",0,0.05,2085.05
07/30/24,Monthly Service Fee,12,0,
07/30/24,Mobile Purchase Sign Based 07/26 09:42a #7164 D2723 KEY FOODS #0566 NEW YORK NY 24209 Food & Beverages,1.95,0,
07/30/24,Mobile Purchase Sign Based 07/26 12:21a #7164 D2723 MTA*NYCT PAYGO NEW YORK NY 24209 Misc Transportation,2.9,0,
07/30/24,Mobile Purchase Sign Based 07/26 06:45p #7164 D2723 MTA*NYCT PAYGO NEW YORK NY 24209 Misc Transportation,2.9,0,
07/30/24,Mobile Purchase Sign Based 07/28 03:34p #7164 D2723 MTA*NYCT PAYGO NEW YORK NY 24211 Misc Transportation,2.9,0,
07/30/24,Debit Card Purchase 07/26 11:41p #7164 OMNYPYG* 877-789-6669 NY 24209 Misc Transportation,2.9,0,
07/30/24,Mobile Purchase Sign Based 07/26 03:26p #7164 D2723 KEY FOODS #0566 NEW YORK NY 24209 Food & Beverages,5.19,0,
07/30/24,Mobile Purchase Sign Based 07/28 09:40p #7164 D2723 KEY FOODS #0566 NEW YORK NY 24211 Food & Beverages,6.79,0,
07/30/24,Mobile Purchase Sign Based 07/28 01:20p #7164 D2723 BAHH MI PLACE CORP BROOKLYN NY 24211 Restaurant/Bar,11.26,0,
07/30/24,Mobile Purchase Sign Based 07/27 12:36p #7164 D2723 CARIBBEAN SWEET SPICE BROOKLYN NY 24211 Restaurant/Bar,16.37,0,
07/30/24,Mobile Purchase Sign Based 07/27 06:46p #7164 D2723 JOE AND SALS CROWNE HE BROOKLYN NY 24211 Restaurant/Bar,32.72,0,
07/30/24,Debit Card Purchase 07/25 03:02p #7164 TUE THAI FOOD NEW YORK NY 24209 Restaurant/Bar,34.56,0,356
07/31/24,Mobile Purchase Sign Based 07/29 08:14p #7164 D2723 MTA*NYCT PAYGO NEW YORK NY 24212 Misc Transportation,2.9,0,
07/31/24,Mobile Purchase Sign Based 07/29 08:29a #7164 D2723 DD/BR #346983 NEW YORK NY 24212 Restaurant/Bar,11.74,0,
07/31/24,Mobile Purchase Sign Based 07/29 02:08p #7164 D2723 CHIPOTLE ONLINE CHIPOTLE.COM CA 24212 Restaurant/Bar,12.36,0,329
08/01/24,Mobile Purchase Sign Based 07/30 07:03p #7164 D2723 MTA*NYCT PAYGO NEW YORK NY 24213 Misc Transportation,2.9,0,
08/01/24,Mobile Purchase Sign Based 07/30 #7164 D2723 MTA*NYCT PAYGO NEW YORK NY 24213 Misc Transportation,2.9,0,
08/01/24,Mobile Purchase PIN Based D2723 7-ELEVEN New York NYUS07155,4.19,0,
08/01/24,Mobile Purchase Sign Based 07/30 08:38a #7164 D2723 DD/BR #346983 NEW YORK NY 24213 Restaurant/Bar,9.03,0,
08/01/24,Debit Card Purchase 07/30 01:46p #7164 TST* UNCLE TEDS MODERN New York NY 24213 Restaurant/Bar,17.12,0,
08/01/24,Debit Card Purchase 07/29 11:44p #7164 DIM SUM PALACE NEW YORK NY 24213 Restaurant/Bar,35.27,0,257.59
08/02/24,Mobile Purchase Sign Based 07/31 08:36a #7164 D2723 DD/BR #346983 NEW YORK NY 24214 Restaurant/Bar,6.09,0,
08/02/24,Mobile Purchase Sign Based 07/31 05:18p #7164 D2723 DUNKIN #352392 NEW YORK NY 24214 Restaurant/Bar,9.78,0,
08/02/24,Mobile Purchase Sign Based 07/31 06:21p #7164 D2723 SQ *DORADO TACOS & QUE New York NY 24214 Restaurant/Bar,12.52,0,
08/02/24,Mobile Purchase Sign Based 07/30 07:57p #7164 D2723 JI BEI CHUAN AUTHENTIC CHICAGO IL 24214 Restaurant/Bar,18,0,
08/02/24,Mobile Purchase Sign Based 07/31 01:01p #7164 D2723 Subway 1859 New York NY 24214 Restaurant/Bar,28.72,0,182.48
08/05/24,Transfer From Money Market 08/03 10:58a #7164 ONLINE Reference # 006355,0,2050,
08/05/24,Mobile Purchase Sign Based 08/01 06:40p #7164 D2723 MTA*NYCT PAYGO NEW YORK NY 24215 Misc Transportation,2.9,0,
08/05/24,Mobile Purchase Sign Based 08/01 08:30a #7164 D2723 DUNKIN #352392 NEW YORK NY 24215 Restaurant/Bar,11.74,0,
08/05/24,Mobile Purchase Sign Based 08/01 02:03p #7164 D2723 CHIPOTLE ONLINE CHIPOTLE.COM CA 24215 Restaurant/Bar,12.36,0,
08/05/24,Mobile Purchase PIN Based D2723 TRADER JO TRADER JOES NEW YORK NYUS07154,12.86,0,2192.62
08/06/24,Mobile Purchase Sign Based 08/03 12:15p #7164 D2723 CHIPOTLE ONLINE CHIPOTLE.COM CA 24217 Restaurant/Bar,12.19,0,
08/06/24,Mobile Purchase Sign Based 08/04 02:19p #7164 D2723 SQ *AMBO New York NY 24218 Restaurant/Bar,14.14,0,
08/06/24,Mobile Purchase Sign Based 08/02 08:19p #7164 D2723 RAISING CANES 0879 NEW YORK NY 24217 Restaurant/Bar,15.99,0,
08/06/24,Debit Card Purchase 08/03 08:08p #7164 PAYPAL *GRUBHUBFOOD FU 4029357733 IL 24218 Restaurant/Bar,17.42,0,
08/06/24,Mobile Purchase Sign Based 08/02 02:28p #7164 D2723 CHIPOTLE ONLINE CHIPOTLE.COM CA 24216 Restaurant/Bar,24.39,0,
08/06/24,"Mobile Purchase Sign Based 08/03 10:58a #7164 APF*HELM MANAGEMENT, I NEW YORK NY 24217",1509.99,0,598.5
08/07/24,Mobile Purchase Sign Based 08/05 07:24a #7164 D2723 DUNKIN #354629 Q35 NEW YORK NY 24219 Restaurant/Bar,3.69,0,
08/07/24,Mobile Purchase Sign Based 08/05 08:50p #7164 D2723 CHIPOTLE ONLINE CHIPOTLE.COM CA 24219 Restaurant/Bar,12.19,0,582.62
08/08/24,Mobile Purchase Sign Based 08/06 08:13a #7164 D2723 DUNKIN #354629 Q35 NEW YORK NY 24220 Restaurant/Bar,5.65,0,
08/08/24,Mobile Purchase Sign Based 08/06 07:17p #7164 D2723 TST* DIG INN- 691 BROA NEW YORK NY 24220 Restaurant/Bar,13.77,0,
08/08/24,Debit Card Purchase 08/06 03:12p #7164 TST*UNCLE TEDS MODERN New York NY 24220 Restaurant/Bar,16.49,0,
08/08/24,Debit Card Purchase 08/05 02:50p #7164 TUE THAI FOOD NEW YORK NY 24220 Restaurant/Bar,17.92,0,528.79
08/09/24,Mobile Purchase PIN Based D2723 TRADER JO TRADER JOES NEW YORK NYUS07154,4.49,0,
08/09/24,Mobile Purchase Sign Based 08/07 08:42a #7164 D2723 DUNKIN #352392 NEW YORK NY 24221 Restaurant/Bar,9.78,0,
08/09/24,Mobile Purchase Sign Based 08/07 12:48p #7164 D2723 CHIPOTLE ONLINE CHIPOTLE.COM CA 24221 Restaurant/Bar,12.36,0,
08/09/24,Mobile Purchase PIN Based D2723 WHOLEFDS 4 UNION SQUA NEW YORK NYUS07154,19.53,0,482.63
08/12/24,Mobile Purchase Sign Based 08/08 10:31p #7164 D2723 MTA*NYCT PAYGO NEW YORK NY 24222 Misc Transportation,2.9,0,
08/12/24,Mobile Purchase Sign Based 08/08 08:59p #7164 D2723 MTA*NYCT PAYGO NEW YORK NY 24222 Misc Transportation,2.9,0,
08/12/24,Mobile Purchase Sign Based 08/08 01:13p #7164 D2723 CHIPOTLE ONLINE CHIPOTLE.COM CA 24222 Restaurant/Bar,12.19,0,
08/12/24,Debit Card Purchase 08/08 08:35p #7164 TSURU TON TAN UNION SQ NEW YORK NY 24222 Restaurant/Bar,31.15,0,433.49
08/13/24,Mobile Purchase Sign Based 08/09 01:16p #7164 D2723 DUNKIN #352392 NEW YORK NY 24223 Restaurant/Bar,3.26,0,
08/13/24,Mobile Purchase Sign Based 08/11 01:58p #7164 D2723 SQ *KONA COFFEE ROASTE New York NY 24225 Restaurant/Bar,5.2,0,
08/13/24,Mobile Purchase Sign Based 08/09 01:46p #7164 D2723 SQ *787 COFFEE ROASTER New York NY 24223 Restaurant/Bar,7,0,
08/13/24,Mobile Purchase Sign Based 08/10 12:52p #7164 D2723 CHIPOTLE ONLINE CHIPOTLE.COM CA 24224 Restaurant/Bar,12.19,0,
08/13/24,Mobile Purchase Sign Based 08/10 02:51p #7164 D2723 DD/BR #346983 NEW YORK NY 24224 Restaurant/Bar,16.3,0,
08/13/24,Debit Card Purchase 08/10 10:08p #7164 KYURAMEN (NY-UNION SQU CHICAGO IL 24225 Restaurant/Bar,23.12,0,366.42
08/14/24,Mobile Purchase Sign Based 08/12 05:04p #7164 D2723 SQ *THINK COFFEE MERCE New York NY 24226 Restaurant/Bar,5.17,0,
08/14/24,Mobile Purchase Sign Based 08/12 08:41a #7164 D2723 DUNKIN #354629 Q35 NEW YORK NY 24226 Restaurant/Bar,8.25,0,
08/14/24,Mobile Purchase Sign Based 08/12 08:18p #7164 D2723 CHIPOTLE ONLINE CHIPOTLE.COM CA 24226 Restaurant/Bar,12.19,0,
08/14/24,Debit Card Purchase 08/11 07:10p #7164 IGGY'S PIZZERIA NEW YORK NY 24226 Restaurant/Bar,30.42,0,310.39
08/15/24,Mobile Purchase Sign Based 08/13 08:35a #7164 D2723 DUNKIN #354629 Q35 NEW YORK NY 24227 Restaurant/Bar,9.68,0,
08/15/24,Mobile Purchase Sign Based 08/13 07:50p #7164 D2723 SQ *AMBO New York NY 24227 Restaurant/Bar,14.14,0,
08/15/24,Debit Card Purchase 08/13 03:23p #7164 SQ *HI-COLLAR New York NY 24227 Restaurant/Bar,14.32,0,
08/15/24,Debit Card Purchase 08/13 02:21p #7164 TST*RUBYS EAST VILLAGE New York NY 24227 Restaurant/Bar,23.52,0,248.73
08/16/24,Mobile Purchase Sign Based 08/14 10:04a #7164 D2723 DD/BR #346983 NEW YORK NY 24228 Restaurant/Bar,6.09,0,
08/16/24,Mobile Purchase Sign Based 08/14 12:33p #7164 D2723 SQ *ME CHICKEN RICE New York NY 24228 Restaurant/Bar,12.96,0,
08/16/24,Mobile Purchase Sign Based 08/14 08:08p #7164 D2723 TST*UNCLE TEDS MODERN New York NY 24228 Restaurant/Bar,14.15,0,215.53
08/19/24,Mobile Purchase Sign Based 08/15 07:05a #7164 D2723 DD/BR #346983 NEW YORK NY 24229 Restaurant/Bar,6.74,0,
08/19/24,Mobile Purchase Sign Based 08/15 02:05p #7164 D2723 TST*886 New York NY 24229 Restaurant/Bar,18.04,0,
08/19/24,Debit Card Purchase 08/15 08:50p #7164 HELLO SAIGON NEW YORK NY 24229 Restaurant/Bar,42.57,0,148.18
08/20/24,Mobile Purchase Sign Based 08/16 01:31p #7164 D2723 MTA*NYCT PAYGO NEW YORK NY 24230 Misc Transportation,2.9,0,
08/20/24,Mobile Purchase Sign Based 08/16 02:29p #7164 D2723 MTA*NYCT PAYGO NEW YORK NY 24230 Misc Transportation,4.25,0,
08/20/24,Mobile Purchase Sign Based 08/15 05:32p #7164 D2723 NOHO JUICE BAR NEW YORK NY 24230 Food & Beverages,4.36,0,
08/20/24,Mobile Purchase Sign Based 08/16 07:14p #7164 Amazon Prime*RU6HM7882 8882804331 WA 24230 Misc Mail & Phone orders,8.15,0,
08/20/24,Mobile Purchase Sign Based 08/16 01:17p #7164 D2723 TACO BELL 039621 NEW YORK NY 24231 Restaurant/Bar,17.39,0,
08/20/24,Mobile Purchase Sign Based 08/17 03:09a #7164 D2723 JACK IN THE BOX 0545 SAN FRANCISCO CA 24231 Restaurant/Bar,37.63,0,73.5
08/22/24,Zelle Credit PAY ID:WFCT0XZ4WPBC ORG ID:WFC NAME:XIAOXU JIANG,0,1,
08/22/24,Mobile Purchase PIN Based D2723 VALERO UNIVERSI BERKELEY CAUS07155,14.05,0,60.45
08/23/24,Mobile Purchase Sign Based 08/21 09:24p #7164 D2723 UBER *TRIP 8005928996 CA 24235 Misc Transportation,9.2,0,51.25
08/05/24,Transfer to Checking 08/03 10:58a #7164 ONLINE Reference # 006355,2050,0,35.05
08/22/24,Deposit 10:38a #7164 Teller,0,2500,
08/22/24,Deposit 10:39a #7164 Teller,0,2677,5212.05
08/23/24,"Interest paid for 27 days, Annual Percentage Yield Earned 0.03%",0,0.02,5212.07
